Category,count
"Media, Music & Books > Books > English Books",841
Fashion > Men > Clothing,555
Fashion > Men > Shoes,495
Fashion > Women > Clothing,478
Bags and Travel > Women Bags,429
Mobiles & Tablets,425
Home Appliances > Appliances Parts & Accessories,378
Home Appliances > Small Kitchen Appliances > Food Preparation,333
Home Appliances > Kitchen Appliances,326
Computers & Laptops > Computer Accessories > Keyboards,317
Computers & Laptops > Laptops,287
Computers & Laptops > Computer Accessories,282
Home Appliances > Cooling & Heating > Air Conditioning,272
"TV, Audio / Video, Gaming & Wearables > Televisions",224
Watches Sunglasses Jewellery > Eyewear > Sunglasses,210
Toys & Games > Remote Control & Play Vehicles,209
Computers & Laptops > Storage,173
Toys & Games > Learning & Education > Reading & Writing,169
Computers & Laptops > Software,145
Watches Sunglasses Jewellery > Eyewear > Eyeglasses > Unisex,125
Toys & Games > Remote Control & Play Vehicles > RC Vehicles & Batteries,120
Toys & Games > Remote Control & Play Vehicles > Play Trains & Railway Sets,92
Toys & Games > Remote Control & Play Vehicles > Play Vehicles,86
Watches Sunglasses Jewellery > Eyewear > Eyeglasses > Men,83
"TV, Audio / Video, Gaming & Wearables > Audio > Headphones & Headsets",76
Mother & Baby > Baby Safety,59
Digital Goods > Games Gift Cards & Software,58
Watches Sunglasses Jewellery > Eyewear > Eyeglasses > Women,57
Toys & Games > Learning & Education > Electronics,53
Sports & Outdoors > Shoes & Clothing > Unisex > Accessories,50
Kitchen & Dining > Kitchen Storage & Accessories,46
Motors > Automotive > Auto Tools & Equipment > Diagnostic & Test Tools,44
Watches Sunglasses Jewellery > Eyewear > Accessories,33
Furniture & Decor > Home Decor,32
Toys & Games > Remote Control & Play Vehicles > Drones & Accessories,24
Bags and Travel > Women Bags > Wallets & Accessories,23
"TV, Audio / Video, Gaming & Wearables > Audio",21
Bags and Travel > Bags > Weekender Bags,21
Fashion > Women > Shoes,21
Sports & Outdoors > Shoes & Clothing > Men > Accessories,20
Computers & Laptops > Computer Accessories > PC Audio,19
Stationery & Craft > School & Office Equipment,18
Bags and Travel > Men Bags > Backpacks,17
Mobiles & Tablets > Mobile Accessories,16
Kitchen & Dining > Kitchen & Table Linen,16
Computers & Laptops > Computer Accessories > Mac Accessories,16
Bags and Travel > Laptop Bags & Cases,15
Home Appliances > Cooling & Heating > Fan,15
"TV, Audio / Video, Gaming & Wearables > Wearable Technology",15
Computers & Laptops > Computer Accessories > Mice,14
Computers & Laptops > Computer Components,14
"Tools, DIY & Outdoor > Electrical",13
Motors > Automotive > Interior Accessories,13
"TV, Audio / Video, Gaming & Wearables > Audio > Live Sound & Stage Equipment",12
"TV, Audio / Video, Gaming & Wearables > Audio > Home Entertainment > Home Audio ...",12
"Tools, DIY & Outdoor > Security",12
"TV, Audio / Video, Gaming & Wearables > Audio > Home Entertainment",11
Laundry & Cleaning > Cleaning,11
"TV, Audio / Video, Gaming & Wearables > Wearable Technology > Virtual Reality > ...",11
Computers & Laptops > Computer Accessories > Adapters & Cables,10
Toys & Games > Electronic Toys,8
"TV, Audio / Video, Gaming & Wearables > TV Accessories",8
"TV, Audio / Video, Gaming & Wearables > Console Gaming > Other Gaming",8
Furniture & Decor > Storage & Organisation,8
"TV, Audio / Video, Gaming & Wearables > Audio > Audio Accessories",8
Motors > Automotive > Auto Parts & Spares > Lighting & Electrical,7
Computers & Laptops > Computer Accessories > Mousepads,7
Watches Sunglasses Jewellery > Eyewear > Men,7
Motors > Automotive > Car Safety & Security,6
"TV, Audio / Video, Gaming & Wearables > Console Gaming > PlayStation",6
Furniture & Decor > Furniture > Home Office Furniture,6
Groceries > Laundry & Household > Cleaning,6
Motors > Automotive > Exterior Vehicle Care,6
Sports & Outdoors > Outdoor Recreation > Camping & Hiking > Camp Kitchen,6
"Tools, DIY & Outdoor > Protective Clothing & Equipment",6
Watches Sunglasses Jewellery > Eyewear > Eyeglasses > Kids,6
Toys & Games > Sports & Outdoor Play > Play Sets & Playground Equipment,5
Furniture & Decor > Lighting > Specialty Lighting,5
Computers & Laptops > Computer Components > Fans & Heatsinks,5
Toys & Games > Sports & Outdoor Play > Kites & Wind Spinners,5
"Tools, DIY & Outdoor > Hand Tools",5
Cameras > Camera Accessories > Tripods & Monopods,4
"TV, Audio / Video, Gaming & Wearables > Audio > Portable Players",4
Motors > Automotive > Auto Tools & Equipment,4
Computers & Laptops > Network Components,4
Computers & Laptops > Computer Accessories > Drawing Tools,4
Motors > Automotive > Auto Parts & Spares > Engine Cooling & Climate Control,4
Home Appliances > Small Kitchen Appliances > Other Small Kitchen Appliances,4
"TV, Audio / Video, Gaming & Wearables > Wearable Technology > Smartwatches Acces...",4
Sports & Outdoors > Shoes & Clothing > Men > Shoes,4
Fashion > Men,4
Computers & Laptops,3
Cameras > Camera Accessories > Lighting & Studio Equipment,3
Motors > Motorcycle > Moto Parts & Spares > Drivetrain & Transmission,3
Motors > Automotive > Auto Parts & Spares > Body Parts,3
Motors > Automotive > Car Audio,3
Motors > Automotive > Car Electronics Accessories,3
Toys & Games > Learning & Education,3
Mobiles & Tablets > Tablet Accessories,3
Furniture & Decor > Furniture,3
Toys & Games > Dolls & Accessories,3
Home Appliances > Vacuums & Floor Care,3
"Tools, DIY & Outdoor > Hardware",3
"Tools, DIY & Outdoor > Fixtures & Plumbing",3
Motors > Service & Installations,3
Bedding & Bath > Bedding,3
Pet Supplies > Fish > Aquariums Accessories,3
Bags and Travel > Travel > Travel Accessories,3
Mother & Baby > Feeding > Breastfeeding,3
"TV, Audio / Video, Gaming & Wearables > Gadgets",3
"Tools, DIY & Outdoor > Power Tools",2
Toys & Games > Learning & Education > Science,2
"TV, Audio / Video, Gaming & Wearables > Wearable Technology > Virtual Reality",2
Home Appliances > Small Kitchen Appliances,2
Motors > Automotive > Exterior Accessories,2
"TV, Audio / Video, Gaming & Wearables > Wearable Technology > Virtual Reality > ...",2
Cameras > Camera Accessories > Memory Cards,2
Computers & Laptops > Printers & Accessories > Printers,2
"Media, Music & Books > Musical Instruments > Instrument Accessories",2
"Media, Music & Books > Books > English Books > Text books",2
Health & Beauty > Medical Supplies > Health Monitors & Tests,2
Digital Goods,2
Cameras > Lenses > Lens Accessories,2
Stationery & Craft > Gifts & Wrapping,2
Computers & Laptops > Desktops Computers,2
Bags and Travel > Men Bags,2
"Tools, DIY & Outdoor > Painting & Decorating",2
Bedding & Bath > Bath,2
Kitchen & Dining > Drinkware,2
Mother & Baby > Feeding > Utensils,2
Toys & Games > Dress Up & Pretend Play > Playsets,2
Sports & Outdoors > Outdoor Recreation > Cycling > Cycling Apparel,2
Fashion > Women,2
Bags and Travel > Men Bags > Wallets & Accessories,1
Cameras > Camera Accessories > Sports & Action Camera Accessories,1
Fashion > Boys > Accessories,1
Toys & Games > Traditional Games,1
Motors > Automotive > Auto Parts & Spares > Alternators & Generators,1
Sports & Outdoors > Outdoor Recreation > Cycling > Bike Accessories,1
"Motors > Automotive > Auto Parts & Spares > Shocks, Struts & Suspension",1
Motors > Automotive > Auto Parts & Spares > Steering System,1
Cameras > Drones > Drone Accessories,1
Motors > Automotive > Auto Parts & Spares > Starters & Parts,1
"TV, Audio / Video, Gaming & Wearables > Audio > Home Entertainment > Home Audio ...",1
"Media, Music & Books > Books > Local Books",1
Computers & Laptops > PC Gaming,1
Sports & Outdoors > Outdoor Recreation > Fishing,1
"TV, Audio / Video, Gaming & Wearables > Console Gaming > Nintendo",1
Motors > Automotive > Car Care,1
Motors > Motorcycle > Moto Tires & Wheels,1
Sports & Outdoors > Outdoor Recreation > Camping & Hiking,1
Motors > Automotive > Auto Tools & Equipment > Garage DIY,1
Stationery & Craft > Packaging & Cartons,1
Motors > Motorcycle > Riding Gear,1
Groceries > Laundry & Household > Laundry & Household Sundries,1
Kitchen & Dining > Kitchen Utensils,1
Medicine > Medical Devices & Accessories,1
Motors > Automotive > Auto Tools & Equipment > Body Repair Tools,1
Toys & Games > Party Supplies,1
"TV, Audio / Video, Gaming & Wearables > Console Gaming > Xbox",1
"TV, Audio / Video, Gaming & Wearables > Audio > Home Entertainment > Component S...",1
Watches Sunglasses Jewellery > Eyewear > Women,1
Bags and Travel,1
"Media, Music & Books > Books",1
